{"cameraMode":{"drawMode":0,"name":"Shaded","section":"Shading Mode"},"sceneLighting":true,"audioPlay":false,"sceneViewState":{"showFog":true,"showMaterialUpdate":false,"showSkybox":true,"showFlares":true,"showImageEffects":true,"showParticleSystems":true},"in2DMode":false,"pivot":{"x":-10.293998718261719,"y":6.253761291503906,"z":55.084320068359378},"rotation":{"x":-0.20259930193424226,"y":0.2358807921409607,"z":-0.0503525473177433,"w":-0.9490935206413269},"size":11.073235511779786,"orthographic":false}